video_id,title,notice,detected_at
2aTa4vLGwD0,Pure Talent 125,Potential earning limitation,2026-08-10 21:49:25
71IMGW5nKgk,Pure Talent 134,Blocked,2026-08-10 21:49:38
2J3QBIpdk44,Pure Talent 133,Blocked,2026-08-10 21:49:38
S6ZDV2XwlqA,Pure Talent 132,Blocked,2026-08-10 21:49:38
fISG0k1SOf4,Pure Talent 131,Blocked,2026-08-10 21:49:38
u6JRgjdxzOs,Pure Talent 130,Blocked,2026-08-10 21:49:38
dn4bz4l1de0,Pure Talent 129,Blocked,2026-08-10 21:49:38
Y7yRjOZVsUc,Pure Talent 124,Blocked,2026-08-10 21:49:38
kq1FiwbVgX8,Pure Talent 112,Other notices,2026-08-10 21:49:38
